"username","realname","date","bibref"
"angarikadeb","Angarika Deb","Sun Aug 09 2020 16:20:10 GMT+0530 (IST)","jansen2016perceived"
"angarikadeb","Angarika Deb","Fri Dec 14 2018 17:37:10 GMT+0530 (India Standard Time)","li2017does"
"angarikadeb","Angarika Deb","Sat Dec 15 2018 01:07:20 GMT+0530 (India Standard Time)","perez2017language"
"AleksandrsBerdicevskis","AleksandrsBerdicevskis","Fri Apr 06 2018 15:30:59 GMT+0200 (W. Europe Daylight Time)","simonenko2017taraldsen"
"angarikadeb","Angarika Deb","Fri Dec 14 2018 20:40:25 GMT+0530 (India Standard Time)","simonenko2017taraldsen"
"angarikadeb","Angarika Deb","Wed Aug 12 2020 13:12:30 GMT+0530 (IST)","smith2016camp"
"angarikadeb","Angarika Deb","Mon Aug 17 2020 14:29:19 GMT+0530 (IST)","horne2018time"
"angarikadeb","Angarika Deb","Tue Nov 20 2018 20:03:27 GMT+0530 (India Standard Time)","mavisakalyan2018talking"
"angarikadeb","Angarika Deb","Wed Aug 12 2020 11:23:44 GMT+0530 (IST)","dyble2019engagement"
"angarikadeb","Angarika Deb","Tue Aug 18 2020 13:11:30 GMT+0530 (IST)","huppert2019development"
"angarikadeb","Angarika Deb","Tue Aug 25 2020 19:52:08 GMT+0530 (IST)","larney2019stake"
"angarikadeb","Angarika Deb","Thu Aug 13 2020 18:49:23 GMT+0530 (IST)","smith2019friend"
"angarikadeb","Angarika Deb","Tue Aug 25 2020 09:03:14 GMT+0530 (IST)","aina2020frustration"
"angarikadeb","Angarika Deb","Mon Aug 17 2020 11:21:48 GMT+0530 (IST)","carriero2020role"
"angarikadeb","Angarika Deb","Sun Aug 09 2020 12:25:40 GMT+0530 (IST)","hwang2020paid"
